{"schemaVersion":"1.0","appDefinitionTemplate":{"id":"/providers/Microsoft.PowerApps/apps/","type":"Microsoft.PowerApps/apps","tags":{"primaryDeviceWidth":"1864","primaryDeviceHeight":"855","supportsPortrait":"true","supportsLandscape":"true","primaryFormFactor":"Tablet","showStatusBar":"false","publisherVersion":"3.24051.23","minimumRequiredApiVersion":"2.2.0","hasComponent":"false","hasUnlockedComponent":"false","isUnifiedRootApp":"false","sienaVersion":"20240518T183250Z-3.24051.23.0"},"properties":{"appVersion":"2024-05-18T18:32:50Z","lifeCycleId":"Published","createdByClientVersion":{"major":3,"minor":24051,"build":23,"revision":0,"majorRevision":0,"minorRevision":0},"minClientVersion":{"major":3,"minor":24051,"build":23,"revision":0,"majorRevision":0,"minorRevision":0},"backgroundColor":"RGBA(0,176,240,1)","backgroundImageUri":"/7546372784723718889/N03af85da-75a4-4ec7-bbe9-ffc8e0135292-logoSmallFile","displayName":"Leaver Tracker","description":"","commitMessage":"","appUris":{"documentUri":{"value":"/7546372784723718889/N806a2516-1412-4472-b8b3-7f6e9ad91c35-document.msapp"},"imageUris":[],"additionalUris":[{"isSolutionAware":false,"value":"/7546372784723718889/Nfc46a23d-9bf3-42ed-89de-d8825bba5a80-identity.json"}]},"createdTime":"0001-01-01T00:00:00Z","lastModifiedTime":"0001-01-01T00:00:00Z","sharedGroupsCount":0,"sharedUsersCount":0,"connectionReferences":{"e4026c74-5188-4460-b2e8-222647bb6214":{"id":"fe6c664f-61c9-4a1a-9773-22ac028a2451","displayName":"Excel Online (Business)","iconUri":"https://connectoricons-prod.azureedge.net/releases/v1.0.1680/1.0.1680.3652/excelonlinebusiness/icon.png","dataSources":["Table1","Table5"],"dependencies":[],"dependents":[],"parameterHints":{},"parameterHintsV2":{},"isOnPremiseConnection":false,"bypassConsent":false,"dataSets":{"me,b%2521CGb5I-f6MEmFI-RgSrdKyLbWff-Xc6ZLie2kJqiR6LNHRBn6HTfrRYutrrYTop1g,01OOUPPPWEZHIOH4T5VRFLWZY5V76HWRTR":{"dataSources":{"Table1":{"tableName":"{1A2102B9-B84B-4DA4-B34A-0B428E384056}"},"Table5":{"tableName":"{23E88164-E012-483A-96D6-1FBCF5D3B787}"}}}},"apiTier":"Standard","isCustomApiConnection":false,"actions":["providers/PowerPlatform.Governance/Operations/Read","providers/PowerPlatform.Governance/Operations/Write"]},"8b4b59cb-305e-437a-b372-5ae0d9df4708":{"id":"fe6c664f-61c9-4a1a-9773-22ac028a2451","displayName":"Excel Online (Business)","iconUri":"https://connectoricons-prod.azureedge.net/releases/v1.0.1680/1.0.1680.3652/excelonlinebusiness/icon.png","dataSources":["Table2","Table3"],"dependencies":[],"dependents":[],"parameterHints":{},"parameterHintsV2":{},"isOnPremiseConnection":false,"bypassConsent":false,"dataSets":{"me,b%2521CGb5I-f6MEmFI-RgSrdKyLbWff-Xc6ZLie2kJqiR6LNHRBn6HTfrRYutrrYTop1g,01OOUPPPWEZHIOH4T5VRFLWZY5V76HWRTR":{"dataSources":{"Table2":{"tableName":"{28EBE0AF-D2D2-431B-9C6F-2471A4C6DFD8}"},"Table3":{"tableName":"{BF9E979E-AAA4-4441-8399-B740252F94B4}"}}}},"apiTier":"Standard","isCustomApiConnection":false,"actions":["providers/PowerPlatform.Governance/Operations/Read"]}},"databaseReferences":{},"almMode":"Environment","performanceOptimizationEnabled":false,"canConsumeAppPass":false,"enableModernRuntimeMode":false,"executionRestrictions":{"isTeamsOnly":false,"dataLossPreventionEvaluationResult":{"status":"Compliant","lastEvaluationDate":"2024-05-18T09:09:13.4077354Z","violations":[],"violationsByPolicy":[],"violationErrorMessage":"The app uses the following connectors: ."}}},"appType":"ClassicCanvasApp","appComponents":[]}}